,danceability,energy,key,loudness,mode,speechiness,acousticness,instrumentalness,liveness,valence,tempo,type,id,uri,track_href,analysis_url,duration_ms,time_signature
0,0.388,0.338,10,-10.054,1,0.0329,0.652,3.73e-06,0.248,0.478,177.765,audio_features,2RlgNHKcydI9sayD2Df2xp,spotify:track:2RlgNHKcydI9sayD2Df2xp,https://api.spotify.com/v1/tracks/2RlgNHKcydI9sayD2Df2xp,https://api.spotify.com/v1/audio-analysis/2RlgNHKcydI9sayD2Df2xp,303373,4
1,0.559,0.868,5,-5.276,1,0.17,0.0475,0.000176,0.776,0.609,156.295,audio_features,5T8EDUDqKcs6OSOwEsfqG7,spotify:track:5T8EDUDqKcs6OSOwEsfqG7,https://api.spotify.com/v1/tracks/5T8EDUDqKcs6OSOwEsfqG7,https://api.spotify.com/v1/audio-analysis/5T8EDUDqKcs6OSOwEsfqG7,209413,4
2,0.396,0.473,10,-7.67,0,0.0345,0.326,0.000124,0.109,0.385,133.449,audio_features,5t9KYe0Fhd5cW6UYT4qP8f,spotify:track:5t9KYe0Fhd5cW6UYT4qP8f,https://api.spotify.com/v1/tracks/5t9KYe0Fhd5cW6UYT4qP8f,https://api.spotify.com/v1/audio-analysis/5t9KYe0Fhd5cW6UYT4qP8f,219027,4
3,0.578,0.655,9,-7.935,1,0.0277,0.121,6.91e-06,0.137,0.898,101.889,audio_features,6sn3FHCq2csvNkq2h9Au8V,spotify:track:6sn3FHCq2csvNkq2h9Au8V,https://api.spotify.com/v1/tracks/6sn3FHCq2csvNkq2h9Au8V,https://api.spotify.com/v1/audio-analysis/6sn3FHCq2csvNkq2h9Au8V,234840,4
4,0.526,0.775,0,-6.05,1,0.0352,0.707,2.05e-05,0.217,0.962,80.106,audio_features,3G7tRC24Uh09Hmp1KZ7LQ2,spotify:track:3G7tRC24Uh09Hmp1KZ7LQ2,https://api.spotify.com/v1/tracks/3G7tRC24Uh09Hmp1KZ7LQ2,https://api.spotify.com/v1/audio-analysis/3G7tRC24Uh09Hmp1KZ7LQ2,167373,4
5,0.32,0.917,9,-5.903,1,0.0771,0.0717,0.0,0.169,0.715,190.757,audio_features,15tHagkk8z306XkyOHqiip,spotify:track:15tHagkk8z306XkyOHqiip,https://api.spotify.com/v1/tracks/15tHagkk8z306XkyOHqiip,https://api.spotify.com/v1/audio-analysis/15tHagkk8z306XkyOHqiip,188360,4
6,0.583,0.414,5,-16.409,1,0.0289,0.13,0.000616,0.064,0.532,97.542,audio_features,3LFdvM7nIV8t02zyhYLvJo,spotify:track:3LFdvM7nIV8t02zyhYLvJo,https://api.spotify.com/v1/tracks/3LFdvM7nIV8t02zyhYLvJo,https://api.spotify.com/v1/audio-analysis/3LFdvM7nIV8t02zyhYLvJo,309533,4
7,0.622,0.807,5,-6.752,0,0.408,0.103,0.0,0.306,0.892,174.06,audio_features,6x4tKaOzfNJpEJHySoiJcs,spotify:track:6x4tKaOzfNJpEJHySoiJcs,https://api.spotify.com/v1/tracks/6x4tKaOzfNJpEJHySoiJcs,https://api.spotify.com/v1/audio-analysis/6x4tKaOzfNJpEJHySoiJcs,220293,4
8,0.589,0.715,0,-6.073,1,0.0401,0.0884,0.00105,0.0559,0.806,120.999,audio_features,3zKjn4QnDvi8pCu8brRM7v,spotify:track:3zKjn4QnDvi8pCu8brRM7v,https://api.spotify.com/v1/tracks/3zKjn4QnDvi8pCu8brRM7v,https://api.spotify.com/v1/audio-analysis/3zKjn4QnDvi8pCu8brRM7v,203120,4
9,0.62,0.573,0,-11.893,1,0.0423,0.271,0.0,0.0607,0.897,81.548,audio_features,0ikz6tENMONtK6qGkOrU3c,spotify:track:0ikz6tENMONtK6qGkOrU3c,https://api.spotify.com/v1/tracks/0ikz6tENMONtK6qGkOrU3c,https://api.spotify.com/v1/audio-analysis/0ikz6tENMONtK6qGkOrU3c,231333,4
10,0.79,0.41,0,-13.241,1,0.0343,0.263,0.00314,0.174,0.815,112.345,audio_features,4eGHlplaq1ME8oetnTuFFf,spotify:track:4eGHlplaq1ME8oetnTuFFf,https://api.spotify.com/v1/tracks/4eGHlplaq1ME8oetnTuFFf,https://api.spotify.com/v1/audio-analysis/4eGHlplaq1ME8oetnTuFFf,159000,4
11,0.565,0.564,2,-10.044,1,0.0292,0.161,0.0,0.114,0.454,134.355,audio_features,0jWgAnTrNZmOGmqgvHhZEm,spotify:track:0jWgAnTrNZmOGmqgvHhZEm,https://api.spotify.com/v1/tracks/0jWgAnTrNZmOGmqgvHhZEm,https://api.spotify.com/v1/audio-analysis/0jWgAnTrNZmOGmqgvHhZEm,295533,4
12,0.462,0.918,4,-8.507,1,0.0959,0.405,0.00033,0.126,0.802,172.427,audio_features,3Ud6fFep5ZlXzRWw6Sm8no,spotify:track:3Ud6fFep5ZlXzRWw6Sm8no,https://api.spotify.com/v1/tracks/3Ud6fFep5ZlXzRWw6Sm8no,https://api.spotify.com/v1/audio-analysis/3Ud6fFep5ZlXzRWw6Sm8no,249960,4
13,0.642,0.722,2,-13.031,1,0.0375,0.0444,0.00388,0.122,0.836,172.406,audio_features,7ojJ4XvqBhBcteM0zjMebT,spotify:track:7ojJ4XvqBhBcteM0zjMebT,https://api.spotify.com/v1/tracks/7ojJ4XvqBhBcteM0zjMebT,https://api.spotify.com/v1/audio-analysis/7ojJ4XvqBhBcteM0zjMebT,207440,4
14,0.729,0.844,5,-8.824,1,0.0344,0.149,2.87e-06,0.0604,0.777,131.459,audio_features,7HW5WIw7ZgZORCzUxv5gW5,spotify:track:7HW5WIw7ZgZORCzUxv5gW5,https://api.spotify.com/v1/tracks/7HW5WIw7ZgZORCzUxv5gW5,https://api.spotify.com/v1/audio-analysis/7HW5WIw7ZgZORCzUxv5gW5,275440,4
15,0.508,0.834,2,-6.205,1,0.0386,0.0183,0.0,0.0732,0.774,139.131,audio_features,0GONea6G2XdnHWjNZd6zt3,spotify:track:0GONea6G2XdnHWjNZd6zt3,https://api.spotify.com/v1/tracks/0GONea6G2XdnHWjNZd6zt3,https://api.spotify.com/v1/audio-analysis/0GONea6G2XdnHWjNZd6zt3,216053,4
16,0.647,0.822,5,-4.662,0,0.183,0.219,0.0,0.0908,0.962,160.019,audio_features,5b88tNINg4Q4nrRbrCXUmg,spotify:track:5b88tNINg4Q4nrRbrCXUmg,https://api.spotify.com/v1/tracks/5b88tNINg4Q4nrRbrCXUmg,https://api.spotify.com/v1/audio-analysis/5b88tNINg4Q4nrRbrCXUmg,232720,4
17,0.497,0.569,9,-10.632,1,0.0386,0.266,0.0,0.336,0.811,120.531,audio_features,40XXjm2pU6LGZkLq5VmkaQ,spotify:track:40XXjm2pU6LGZkLq5VmkaQ,https://api.spotify.com/v1/tracks/40XXjm2pU6LGZkLq5VmkaQ,https://api.spotify.com/v1/audio-analysis/40XXjm2pU6LGZkLq5VmkaQ,182667,4
18,0.475,0.439,11,-15.039,0,0.0427,0.000146,0.000277,0.223,0.76,118.392,audio_features,0HOrDVS349XFcpCYsO2hAP,spotify:track:0HOrDVS349XFcpCYsO2hAP,https://api.spotify.com/v1/tracks/0HOrDVS349XFcpCYsO2hAP,https://api.spotify.com/v1/audio-analysis/0HOrDVS349XFcpCYsO2hAP,234867,4
19,0.504,0.904,6,-6.863,1,0.179,0.356,0.121,0.14,0.772,176.808,audio_features,1jDJFeK9x3OZboIAHsY9k2,spotify:track:1jDJFeK9x3OZboIAHsY9k2,https://api.spotify.com/v1/tracks/1jDJFeK9x3OZboIAHsY9k2,https://api.spotify.com/v1/audio-analysis/1jDJFeK9x3OZboIAHsY9k2,183440,4
20,0.52,0.875,9,-8.075,1,0.151,0.0215,0.03,0.0709,0.887,169.214,audio_features,3xxBAMUVusDLjLFwwL9qoY,spotify:track:3xxBAMUVusDLjLFwwL9qoY,https://api.spotify.com/v1/tracks/3xxBAMUVusDLjLFwwL9qoY,https://api.spotify.com/v1/audio-analysis/3xxBAMUVusDLjLFwwL9qoY,233067,4
21,0.599,0.812,7,-4.971,1,0.0494,0.634,3.47e-05,0.849,0.766,111.691,audio_features,4xVvKpua7eX68Ic1TDqaUw,spotify:track:4xVvKpua7eX68Ic1TDqaUw,https://api.spotify.com/v1/tracks/4xVvKpua7eX68Ic1TDqaUw,https://api.spotify.com/v1/audio-analysis/4xVvKpua7eX68Ic1TDqaUw,197267,4
22,0.643,0.802,6,-4.92,1,0.0227,0.0299,0.0,0.0719,0.53,95.99,audio_features,3X7uFMzJrEE0sxn62qd8Ch,spotify:track:3X7uFMzJrEE0sxn62qd8Ch,https://api.spotify.com/v1/tracks/3X7uFMzJrEE0sxn62qd8Ch,https://api.spotify.com/v1/audio-analysis/3X7uFMzJrEE0sxn62qd8Ch,270333,4
23,0.676,0.704,10,-8.534,1,0.0329,0.000362,0.0709,0.139,0.812,129.594,audio_features,3GXo1eWlT2flv4x01l5OTu,spotify:track:3GXo1eWlT2flv4x01l5OTu,https://api.spotify.com/v1/tracks/3GXo1eWlT2flv4x01l5OTu,https://api.spotify.com/v1/audio-analysis/3GXo1eWlT2flv4x01l5OTu,213840,4
24,0.405,0.901,11,-7.905,0,0.0315,0.426,0.0185,0.188,0.666,174.041,audio_features,6lbme14HiDWYmGiw1I2Dv6,spotify:track:6lbme14HiDWYmGiw1I2Dv6,https://api.spotify.com/v1/tracks/6lbme14HiDWYmGiw1I2Dv6,https://api.spotify.com/v1/audio-analysis/6lbme14HiDWYmGiw1I2Dv6,272984,4
25,0.724,0.802,10,-6.117,0,0.0337,0.25,0.0016,0.342,0.729,143.116,audio_features,0Z9UkcT1pnrmLciUJPcMMS,spotify:track:0Z9UkcT1pnrmLciUJPcMMS,https://api.spotify.com/v1/tracks/0Z9UkcT1pnrmLciUJPcMMS,https://api.spotify.com/v1/audio-analysis/0Z9UkcT1pnrmLciUJPcMMS,290720,4
26,0.613,0.487,7,-8.781,1,0.0935,0.412,1.02e-05,0.286,0.699,143.332,audio_features,5haXbSJqjjM0TCJ5XkfEaC,spotify:track:5haXbSJqjjM0TCJ5XkfEaC,https://api.spotify.com/v1/tracks/5haXbSJqjjM0TCJ5XkfEaC,https://api.spotify.com/v1/audio-analysis/5haXbSJqjjM0TCJ5XkfEaC,165800,4
27,0.481,0.744,0,-9.518,1,0.0776,0.00931,0.0,0.0521,0.6,129.067,audio_features,5ZIwhaTKGjxXMfvKO9EVXU,spotify:track:5ZIwhaTKGjxXMfvKO9EVXU,https://api.spotify.com/v1/tracks/5ZIwhaTKGjxXMfvKO9EVXU,https://api.spotify.com/v1/audio-analysis/5ZIwhaTKGjxXMfvKO9EVXU,218227,4
28,0.661,0.908,5,-4.897,1,0.039,0.052,0.0,0.0708,0.656,144.091,audio_features,6OnfBiiSc9RGKiBKKtZXgQ,spotify:track:6OnfBiiSc9RGKiBKKtZXgQ,https://api.spotify.com/v1/tracks/6OnfBiiSc9RGKiBKKtZXgQ,https://api.spotify.com/v1/audio-analysis/6OnfBiiSc9RGKiBKKtZXgQ,296080,4
29,0.532,0.887,0,-3.757,1,0.0335,0.0778,0.000214,0.294,0.795,122.511,audio_features,37ZJ0p5Jm13JPevGcx4SkF,spotify:track:37ZJ0p5Jm13JPevGcx4SkF,https://api.spotify.com/v1/tracks/37ZJ0p5Jm13JPevGcx4SkF,https://api.spotify.com/v1/audio-analysis/37ZJ0p5Jm13JPevGcx4SkF,249293,4
30,0.503,0.895,0,-7.128,1,0.0599,0.014,0.0,0.144,0.666,92.037,audio_features,61xjf51dbxiAPW6456T5sj,spotify:track:61xjf51dbxiAPW6456T5sj,https://api.spotify.com/v1/tracks/61xjf51dbxiAPW6456T5sj,https://api.spotify.com/v1/audio-analysis/61xjf51dbxiAPW6456T5sj,275493,4
31,0.732,0.511,9,-6.843,1,0.0249,0.0552,0.00419,0.105,0.64,98.447,audio_features,2TxaaSIEKN6B1psUBpQHjC,spotify:track:2TxaaSIEKN6B1psUBpQHjC,https://api.spotify.com/v1/tracks/2TxaaSIEKN6B1psUBpQHjC,https://api.spotify.com/v1/audio-analysis/2TxaaSIEKN6B1psUBpQHjC,225587,4
32,0.459,0.681,2,-8.773,1,0.0794,0.254,0.0,0.498,0.68,125.02,audio_features,7wawEkN4nhPqSBWleGvdxa,spotify:track:7wawEkN4nhPqSBWleGvdxa,https://api.spotify.com/v1/tracks/7wawEkN4nhPqSBWleGvdxa,https://api.spotify.com/v1/audio-analysis/7wawEkN4nhPqSBWleGvdxa,304440,4
33,0.656,0.88,5,-4.137,0,0.0287,0.184,0.00609,0.272,0.88,114.613,audio_features,4ziqqoW1o3P5EhNqK6CPb1,spotify:track:4ziqqoW1o3P5EhNqK6CPb1,https://api.spotify.com/v1/tracks/4ziqqoW1o3P5EhNqK6CPb1,https://api.spotify.com/v1/audio-analysis/4ziqqoW1o3P5EhNqK6CPb1,291587,4
34,0.429,0.564,11,-6.784,1,0.0268,0.0193,0.000828,0.128,0.276,104.212,audio_features,0KMGxYKeUzK9wc5DZCt3HT,spotify:track:0KMGxYKeUzK9wc5DZCt3HT,https://api.spotify.com/v1/tracks/0KMGxYKeUzK9wc5DZCt3HT,https://api.spotify.com/v1/audio-analysis/0KMGxYKeUzK9wc5DZCt3HT,235373,4
35,0.593,0.918,11,-4.883,1,0.0361,0.036,4.26e-06,0.194,0.755,92.835,audio_features,2BSm925aJog65vjU9FU1R3,spotify:track:2BSm925aJog65vjU9FU1R3,https://api.spotify.com/v1/tracks/2BSm925aJog65vjU9FU1R3,https://api.spotify.com/v1/audio-analysis/2BSm925aJog65vjU9FU1R3,290160,4
36,0.534,0.777,0,-5.834,1,0.188,0.327,0.00229,0.161,0.778,213.774,audio_features,4GCYEutoaRPy9XkW1Tr5VC,spotify:track:4GCYEutoaRPy9XkW1Tr5VC,https://api.spotify.com/v1/tracks/4GCYEutoaRPy9XkW1Tr5VC,https://api.spotify.com/v1/audio-analysis/4GCYEutoaRPy9XkW1Tr5VC,169267,4
37,0.434,0.872,0,-2.974,1,0.0702,0.0473,1.83e-06,0.396,0.732,71.515,audio_features,1L5tZi0izXsi5Kk5OJf4W0,spotify:track:1L5tZi0izXsi5Kk5OJf4W0,https://api.spotify.com/v1/tracks/1L5tZi0izXsi5Kk5OJf4W0,https://api.spotify.com/v1/audio-analysis/1L5tZi0izXsi5Kk5OJf4W0,213760,4
38,0.689,0.912,9,-3.673,1,0.0302,0.174,0.000243,0.298,0.982,125.94,audio_features,06rPFgQsKS607RhYIqCmGq,spotify:track:06rPFgQsKS607RhYIqCmGq,https://api.spotify.com/v1/tracks/06rPFgQsKS607RhYIqCmGq,https://api.spotify.com/v1/audio-analysis/06rPFgQsKS607RhYIqCmGq,216347,4
39,0.543,0.87,9,-6.514,1,0.0428,0.358,0.000939,0.792,0.754,100.804,audio_features,0GjEhVFGZW8afUYGChu3Rr,spotify:track:0GjEhVFGZW8afUYGChu3Rr,https://api.spotify.com/v1/tracks/0GjEhVFGZW8afUYGChu3Rr,https://api.spotify.com/v1/audio-analysis/0GjEhVFGZW8afUYGChu3Rr,230400,4
40,0.829,0.839,1,-5.251,1,0.0443,0.0993,0.0201,0.0491,0.96,121.589,audio_features,0CUEc6T65lrU6rVW3HVYsl,spotify:track:0CUEc6T65lrU6rVW3HVYsl,https://api.spotify.com/v1/tracks/0CUEc6T65lrU6rVW3HVYsl,https://api.spotify.com/v1/audio-analysis/0CUEc6T65lrU6rVW3HVYsl,221093,4
41,0.51,0.76,0,-6.995,1,0.0411,0.148,0.0116,0.0706,0.55,118.829,audio_features,4vhVDkSx9RSb2k6mWFMYNI,spotify:track:4vhVDkSx9RSb2k6mWFMYNI,https://api.spotify.com/v1/tracks/4vhVDkSx9RSb2k6mWFMYNI,https://api.spotify.com/v1/audio-analysis/4vhVDkSx9RSb2k6mWFMYNI,170787,4
42,0.702,0.747,1,-4.668,1,0.0283,0.14,0.0,0.102,0.962,96.996,audio_features,3uVStmfnvh0lT4ispLGvt5,spotify:track:3uVStmfnvh0lT4ispLGvt5,https://api.spotify.com/v1/tracks/3uVStmfnvh0lT4ispLGvt5,https://api.spotify.com/v1/audio-analysis/3uVStmfnvh0lT4ispLGvt5,159867,4
43,0.532,0.783,2,-5.697,1,0.0523,0.0038,0.0012,0.161,0.643,124.08,audio_features,4h8VwCb1MTGoLKueQ1WgbD,spotify:track:4h8VwCb1MTGoLKueQ1WgbD,https://api.spotify.com/v1/tracks/4h8VwCb1MTGoLKueQ1WgbD,https://api.spotify.com/v1/audio-analysis/4h8VwCb1MTGoLKueQ1WgbD,247427,4
44,0.666,0.667,2,-9.305,0,0.0371,0.043,0.0005,0.074,0.679,134.219,audio_features,31DvHUCSioX0JD7B4kZMJ9,spotify:track:31DvHUCSioX0JD7B4kZMJ9,https://api.spotify.com/v1/tracks/31DvHUCSioX0JD7B4kZMJ9,https://api.spotify.com/v1/audio-analysis/31DvHUCSioX0JD7B4kZMJ9,510933,4
45,0.651,0.74,2,-6.244,1,0.0272,0.0862,0.0,0.142,0.615,102.233,audio_features,3Skwc4sh1QHUGcWrFBFWSF,spotify:track:3Skwc4sh1QHUGcWrFBFWSF,https://api.spotify.com/v1/tracks/3Skwc4sh1QHUGcWrFBFWSF,https://api.spotify.com/v1/audio-analysis/3Skwc4sh1QHUGcWrFBFWSF,241733,4
46,0.527,0.942,1,-5.64,0,0.0366,0.0115,0.0,0.188,0.495,148.723,audio_features,7FwBtcecmlpc1sLySPXeGE,spotify:track:7FwBtcecmlpc1sLySPXeGE,https://api.spotify.com/v1/tracks/7FwBtcecmlpc1sLySPXeGE,https://api.spotify.com/v1/audio-analysis/7FwBtcecmlpc1sLySPXeGE,241307,4
47,0.916,0.72,0,-8.548,1,0.1,0.36,0.00016,0.0958,0.76,103.312,audio_features,5O4erNlJ74PIF6kGol1ZrC,spotify:track:5O4erNlJ74PIF6kGol1ZrC,https://api.spotify.com/v1/tracks/5O4erNlJ74PIF6kGol1ZrC,https://api.spotify.com/v1/audio-analysis/5O4erNlJ74PIF6kGol1ZrC,237000,4
48,0.543,0.912,7,-10.71,1,0.0601,0.00162,2.1e-06,0.0565,0.836,103.731,audio_features,4ePP9So5xRzspjLFVVbj90,spotify:track:4ePP9So5xRzspjLFVVbj90,https://api.spotify.com/v1/tracks/4ePP9So5xRzspjLFVVbj90,https://api.spotify.com/v1/audio-analysis/4ePP9So5xRzspjLFVVbj90,256733,4
49,0.646,0.633,7,-10.09,1,0.0274,0.0155,0.0282,0.107,0.874,134.357,audio_features,7Dy1LOaEeuYOEe5k17T3Rh,spotify:track:7Dy1LOaEeuYOEe5k17T3Rh,https://api.spotify.com/v1/tracks/7Dy1LOaEeuYOEe5k17T3Rh,https://api.spotify.com/v1/audio-analysis/7Dy1LOaEeuYOEe5k17T3Rh,257000,4
50,0.817,0.599,0,-9.249,0,0.0328,0.132,0.000311,0.0873,0.548,108.873,audio_features,2KH16WveTQWT6KOG9Rg6e2,spotify:track:2KH16WveTQWT6KOG9Rg6e2,https://api.spotify.com/v1/tracks/2KH16WveTQWT6KOG9Rg6e2,https://api.spotify.com/v1/audio-analysis/2KH16WveTQWT6KOG9Rg6e2,245640,4
51,0.778,0.547,2,-7.273,1,0.0489,0.346,0.000302,0.132,0.441,95.002,audio_features,1mKXFLRA179hdOWQBwUk9e,spotify:track:1mKXFLRA179hdOWQBwUk9e,https://api.spotify.com/v1/tracks/1mKXFLRA179hdOWQBwUk9e,https://api.spotify.com/v1/audio-analysis/1mKXFLRA179hdOWQBwUk9e,242733,4
52,0.435,0.652,0,-8.495,1,0.0404,0.519,0.0,0.129,0.806,108.098,audio_features,0lj15qHIbi7gsO6CLfWbvF,spotify:track:0lj15qHIbi7gsO6CLfWbvF,https://api.spotify.com/v1/tracks/0lj15qHIbi7gsO6CLfWbvF,https://api.spotify.com/v1/audio-analysis/0lj15qHIbi7gsO6CLfWbvF,273933,4
53,0.528,0.886,11,-6.249,0,0.0329,0.0159,0.0,0.0758,0.8,96.001,audio_features,7FFl1IHSsPWsfUCladsCl9,spotify:track:7FFl1IHSsPWsfUCladsCl9,https://api.spotify.com/v1/tracks/7FFl1IHSsPWsfUCladsCl9,https://api.spotify.com/v1/audio-analysis/7FFl1IHSsPWsfUCladsCl9,216333,4
54,0.624,0.628,7,-9.846,1,0.0303,0.434,0.0,0.179,0.783,108.102,audio_features,2LGL71GENQR0oC9jMwTTZY,spotify:track:2LGL71GENQR0oC9jMwTTZY,https://api.spotify.com/v1/tracks/2LGL71GENQR0oC9jMwTTZY,https://api.spotify.com/v1/audio-analysis/2LGL71GENQR0oC9jMwTTZY,225493,4
55,0.536,0.928,11,-6.492,0,0.0589,0.0154,0.00134,0.2,0.389,136.258,audio_features,0gzqZ9d1jIKo9psEIthwXe,spotify:track:0gzqZ9d1jIKo9psEIthwXe,https://api.spotify.com/v1/tracks/0gzqZ9d1jIKo9psEIthwXe,https://api.spotify.com/v1/audio-analysis/0gzqZ9d1jIKo9psEIthwXe,248400,4
56,0.768,0.864,11,-6.145,1,0.0324,0.101,0.0,0.162,0.891,110.008,audio_features,1Je1IMUlBXcx1Fz0WE7oPT,spotify:track:1Je1IMUlBXcx1Fz0WE7oPT,https://api.spotify.com/v1/tracks/1Je1IMUlBXcx1Fz0WE7oPT,https://api.spotify.com/v1/audio-analysis/1Je1IMUlBXcx1Fz0WE7oPT,173027,4
57,0.617,0.748,9,-9.123,0,0.0357,0.00746,0.0,0.304,0.969,116.828,audio_features,6J9paEX8rcBYuAIawdnzUj,spotify:track:6J9paEX8rcBYuAIawdnzUj,https://api.spotify.com/v1/tracks/6J9paEX8rcBYuAIawdnzUj,https://api.spotify.com/v1/audio-analysis/6J9paEX8rcBYuAIawdnzUj,393960,4
58,0.542,0.822,0,-7.201,1,0.0291,0.0745,0.00947,0.0645,0.772,130.011,audio_features,6Fba9RZtC6vTY814JToDtP,spotify:track:6Fba9RZtC6vTY814JToDtP,https://api.spotify.com/v1/tracks/6Fba9RZtC6vTY814JToDtP,https://api.spotify.com/v1/audio-analysis/6Fba9RZtC6vTY814JToDtP,239560,4
59,0.683,0.637,7,-11.906,1,0.049,0.0153,0.0275,0.0945,0.884,90.637,audio_features,0viZ7D81W8pD65TkzaFkXT,spotify:track:0viZ7D81W8pD65TkzaFkXT,https://api.spotify.com/v1/tracks/0viZ7D81W8pD65TkzaFkXT,https://api.spotify.com/v1/audio-analysis/0viZ7D81W8pD65TkzaFkXT,247027,4
60,0.554,0.888,0,-6.664,1,0.087,0.107,0.0,0.291,0.82,126.701,audio_features,4sz1Ng2Cgidfqqiy0pNL6R,spotify:track:4sz1Ng2Cgidfqqiy0pNL6R,https://api.spotify.com/v1/tracks/4sz1Ng2Cgidfqqiy0pNL6R,https://api.spotify.com/v1/audio-analysis/4sz1Ng2Cgidfqqiy0pNL6R,267427,4
61,0.755,0.438,9,-13.623,0,0.033,0.0498,2.76e-06,0.0719,0.766,126.015,audio_features,2HrAvfx1IQcuGN2k6misBO,spotify:track:2HrAvfx1IQcuGN2k6misBO,https://api.spotify.com/v1/tracks/2HrAvfx1IQcuGN2k6misBO,https://api.spotify.com/v1/audio-analysis/2HrAvfx1IQcuGN2k6misBO,200280,4
62,0.704,0.867,2,-5.808,1,0.0315,0.0846,0.0,0.206,0.809,131.467,audio_features,3XIEWK1V9n25PS9Vb6axj5,spotify:track:3XIEWK1V9n25PS9Vb6axj5,https://api.spotify.com/v1/tracks/3XIEWK1V9n25PS9Vb6axj5,https://api.spotify.com/v1/audio-analysis/3XIEWK1V9n25PS9Vb6axj5,188133,4
63,0.767,0.854,4,-6.947,1,0.0426,0.465,2.03e-06,0.485,0.963,149.206,audio_features,3OeUlriM0EZHdWleJtjoVr,spotify:track:3OeUlriM0EZHdWleJtjoVr,https://api.spotify.com/v1/tracks/3OeUlriM0EZHdWleJtjoVr,https://api.spotify.com/v1/audio-analysis/3OeUlriM0EZHdWleJtjoVr,234653,4
64,0.577,0.808,1,-7.04,0,0.039,0.0338,1.33e-05,0.221,0.869,151.008,audio_features,1oYYd2gnWZYrt89EBXdFiO,spotify:track:1oYYd2gnWZYrt89EBXdFiO,https://api.spotify.com/v1/tracks/1oYYd2gnWZYrt89EBXdFiO,https://api.spotify.com/v1/audio-analysis/1oYYd2gnWZYrt89EBXdFiO,290280,4
65,0.668,0.662,9,-7.065,1,0.0914,0.194,0.0,0.383,0.437,93.867,audio_features,4CH8nmzGgqd4sokxN7dacs,spotify:track:4CH8nmzGgqd4sokxN7dacs,https://api.spotify.com/v1/tracks/4CH8nmzGgqd4sokxN7dacs,https://api.spotify.com/v1/audio-analysis/4CH8nmzGgqd4sokxN7dacs,193060,4
66,0.631,0.749,7,-8.15,1,0.0576,0.205,5.21e-06,0.0667,0.437,89.646,audio_features,30qVCFYKBtAENjTIBA8FPZ,spotify:track:30qVCFYKBtAENjTIBA8FPZ,https://api.spotify.com/v1/tracks/30qVCFYKBtAENjTIBA8FPZ,https://api.spotify.com/v1/audio-analysis/30qVCFYKBtAENjTIBA8FPZ,247627,4
67,0.575,0.555,4,-7.495,1,0.0453,0.103,1.3e-06,0.111,0.504,95.361,audio_features,4ZhPLoMzZwewHLLjV1J15c,spotify:track:4ZhPLoMzZwewHLLjV1J15c,https://api.spotify.com/v1/tracks/4ZhPLoMzZwewHLLjV1J15c,https://api.spotify.com/v1/audio-analysis/4ZhPLoMzZwewHLLjV1J15c,232467,4
68,0.706,0.814,1,-5.405,1,0.0569,0.0159,0.0,0.262,0.778,125.472,audio_features,3O9zeBmAi5JRBMSpIQGx2v,spotify:track:3O9zeBmAi5JRBMSpIQGx2v,https://api.spotify.com/v1/tracks/3O9zeBmAi5JRBMSpIQGx2v,https://api.spotify.com/v1/audio-analysis/3O9zeBmAi5JRBMSpIQGx2v,217693,4
69,0.714,0.935,5,-5.195,1,0.0849,0.0529,0.0934,0.0515,0.725,121.232,audio_features,4qM461TqtpnP4GLRIXwEnW,spotify:track:4qM461TqtpnP4GLRIXwEnW,https://api.spotify.com/v1/tracks/4qM461TqtpnP4GLRIXwEnW,https://api.spotify.com/v1/audio-analysis/4qM461TqtpnP4GLRIXwEnW,263107,4
70,0.643,0.614,2,-12.878,1,0.0279,0.25,7.17e-06,0.214,0.891,93.982,audio_features,6tXnRSvuNgOq4QcxpIN54r,spotify:track:6tXnRSvuNgOq4QcxpIN54r,https://api.spotify.com/v1/tracks/6tXnRSvuNgOq4QcxpIN54r,https://api.spotify.com/v1/audio-analysis/6tXnRSvuNgOq4QcxpIN54r,224467,4
71,0.646,0.77,2,-6.596,0,0.226,0.00249,0.0,0.0715,0.681,99.165,audio_features,5IVuqXILoxVWvWEPm82Jxr,spotify:track:5IVuqXILoxVWvWEPm82Jxr,https://api.spotify.com/v1/tracks/5IVuqXILoxVWvWEPm82Jxr,https://api.spotify.com/v1/audio-analysis/5IVuqXILoxVWvWEPm82Jxr,236133,4
72,0.733,0.794,5,-10.023,1,0.0307,0.0614,0.0367,0.33,0.931,148.174,audio_features,37Tmv4NnfQeb0ZgUC4fOJj,spotify:track:37Tmv4NnfQeb0ZgUC4fOJj,https://api.spotify.com/v1/tracks/37Tmv4NnfQeb0ZgUC4fOJj,https://api.spotify.com/v1/audio-analysis/37Tmv4NnfQeb0ZgUC4fOJj,348624,4
73,0.558,0.928,5,-3.04,1,0.0356,0.0746,5.44e-05,0.696,0.6,96.313,audio_features,3APayTEWiUl9Ssep4BOXR2,spotify:track:3APayTEWiUl9Ssep4BOXR2,https://api.spotify.com/v1/tracks/3APayTEWiUl9Ssep4BOXR2,https://api.spotify.com/v1/audio-analysis/3APayTEWiUl9Ssep4BOXR2,244813,4
74,0.276,0.715,0,-5.356,1,0.0432,0.00552,0.000417,0.201,0.173,137.028,audio_features,2TYC9SaRhYypUQzB1ZVTG2,spotify:track:2TYC9SaRhYypUQzB1ZVTG2,https://api.spotify.com/v1/tracks/2TYC9SaRhYypUQzB1ZVTG2,https://api.spotify.com/v1/audio-analysis/2TYC9SaRhYypUQzB1ZVTG2,230760,4
75,0.756,0.837,2,-6.943,1,0.051,0.297,0.0,0.0567,0.588,132.146,audio_features,2gG7E5OZi5D5QLRIctv63z,spotify:track:2gG7E5OZi5D5QLRIctv63z,https://api.spotify.com/v1/tracks/2gG7E5OZi5D5QLRIctv63z,https://api.spotify.com/v1/audio-analysis/2gG7E5OZi5D5QLRIctv63z,243093,4
76,0.705,0.78,7,-6.267,1,0.0805,0.456,0.00152,0.115,0.457,142.028,audio_features,0qt5f5EL92o8Snzopsv0en,spotify:track:0qt5f5EL92o8Snzopsv0en,https://api.spotify.com/v1/tracks/0qt5f5EL92o8Snzopsv0en,https://api.spotify.com/v1/audio-analysis/0qt5f5EL92o8Snzopsv0en,218228,4
77,0.538,0.957,6,-5.589,0,0.071,0.000746,0.042,0.0604,0.744,101.887,audio_features,1KP1j8sCQADCc8eXrtAUP6,spotify:track:1KP1j8sCQADCc8eXrtAUP6,https://api.spotify.com/v1/tracks/1KP1j8sCQADCc8eXrtAUP6,https://api.spotify.com/v1/audio-analysis/1KP1j8sCQADCc8eXrtAUP6,176147,4
78,0.567,0.512,0,-8.831,1,0.0357,0.545,0.0,0.296,0.334,130.271,audio_features,5fgkjhICZnqFctrV0AyuQD,spotify:track:5fgkjhICZnqFctrV0AyuQD,https://api.spotify.com/v1/tracks/5fgkjhICZnqFctrV0AyuQD,https://api.spotify.com/v1/audio-analysis/5fgkjhICZnqFctrV0AyuQD,252613,4
79,0.606,0.897,10,-7.469,0,0.0448,0.176,0.882,0.17,0.393,130.55,audio_features,1pUFYb9peWkK8m1WCKNRjp,spotify:track:1pUFYb9peWkK8m1WCKNRjp,https://api.spotify.com/v1/tracks/1pUFYb9peWkK8m1WCKNRjp,https://api.spotify.com/v1/audio-analysis/1pUFYb9peWkK8m1WCKNRjp,208507,4
80,0.915,0.498,11,-10.435,1,0.102,0.00556,0.000116,0.067,0.555,95.852,audio_features,59eAcAyhYSLi5GKFrgHJzG,spotify:track:59eAcAyhYSLi5GKFrgHJzG,https://api.spotify.com/v1/tracks/59eAcAyhYSLi5GKFrgHJzG,https://api.spotify.com/v1/audio-analysis/59eAcAyhYSLi5GKFrgHJzG,194493,4
81,0.645,0.795,7,-12.095,1,0.0527,0.347,0.00389,0.104,0.535,112.067,audio_features,4RvWPyQ5RL0ao9LPZeSouE,spotify:track:4RvWPyQ5RL0ao9LPZeSouE,https://api.spotify.com/v1/tracks/4RvWPyQ5RL0ao9LPZeSouE,https://api.spotify.com/v1/audio-analysis/4RvWPyQ5RL0ao9LPZeSouE,251489,4
82,0.798,0.625,11,-9.689,1,0.0548,0.00547,7.98e-05,0.103,0.858,93.764,audio_features,6kWJvPfC4DgUpRsXKNa9z9,spotify:track:6kWJvPfC4DgUpRsXKNa9z9,https://api.spotify.com/v1/tracks/6kWJvPfC4DgUpRsXKNa9z9,https://api.spotify.com/v1/audio-analysis/6kWJvPfC4DgUpRsXKNa9z9,211213,4
83,0.702,0.955,10,-5.24,0,0.101,0.0617,0.428,0.131,0.367,170.006,audio_features,15m8iQpn2hMNvGOSSx6wkw,spotify:track:15m8iQpn2hMNvGOSSx6wkw,https://api.spotify.com/v1/tracks/15m8iQpn2hMNvGOSSx6wkw,https://api.spotify.com/v1/audio-analysis/15m8iQpn2hMNvGOSSx6wkw,223601,4
84,0.673,0.886,1,-4.44,0,0.0431,0.185,0.0,0.0826,0.795,97.012,audio_features,4HlFJV71xXKIGcU3kRyttv,spotify:track:4HlFJV71xXKIGcU3kRyttv,https://api.spotify.com/v1/tracks/4HlFJV71xXKIGcU3kRyttv,https://api.spotify.com/v1/audio-analysis/4HlFJV71xXKIGcU3kRyttv,216773,4
85,0.775,0.68,0,-5.508,0,0.0629,0.00906,0.0,0.109,0.656,114.025,audio_features,7oGZAicScQt96OAW4AruYy,spotify:track:7oGZAicScQt96OAW4AruYy,https://api.spotify.com/v1/tracks/7oGZAicScQt96OAW4AruYy,https://api.spotify.com/v1/audio-analysis/7oGZAicScQt96OAW4AruYy,207719,4
86,0.784,0.893,7,-5.153,0,0.0923,0.3,1.57e-05,0.272,0.819,118.738,audio_features,5IKLwqBQG6KU6MP2zP80Nu,spotify:track:5IKLwqBQG6KU6MP2zP80Nu,https://api.spotify.com/v1/tracks/5IKLwqBQG6KU6MP2zP80Nu,https://api.spotify.com/v1/audio-analysis/5IKLwqBQG6KU6MP2zP80Nu,216733,4
87,0.724,0.498,11,-13.083,0,0.0423,0.0405,8.56e-05,0.0761,0.823,88.825,audio_features,7j74lucZ59vqN67Ipe2ZcY,spotify:track:7j74lucZ59vqN67Ipe2ZcY,https://api.spotify.com/v1/tracks/7j74lucZ59vqN67Ipe2ZcY,https://api.spotify.com/v1/audio-analysis/7j74lucZ59vqN67Ipe2ZcY,273173,4
88,0.856,0.609,0,-7.223,1,0.0824,0.00801,8.15e-05,0.0344,0.928,114.988,audio_features,32OlwWuMpZ6b0aN2RZOeMS,spotify:track:32OlwWuMpZ6b0aN2RZOeMS,https://api.spotify.com/v1/tracks/32OlwWuMpZ6b0aN2RZOeMS,https://api.spotify.com/v1/audio-analysis/32OlwWuMpZ6b0aN2RZOeMS,269667,4
89,0.582,0.908,7,-2.48,1,0.039,0.311,0.0323,0.0625,0.711,155.561,audio_features,2BgWv15eKCDfiubKo6o76k,spotify:track:2BgWv15eKCDfiubKo6o76k,https://api.spotify.com/v1/tracks/2BgWv15eKCDfiubKo6o76k,https://api.spotify.com/v1/audio-analysis/2BgWv15eKCDfiubKo6o76k,204387,4
90,0.665,0.959,11,-3.553,0,0.0645,0.12,0.0,0.707,0.834,128.017,audio_features,2WBGz1dDhZ45Qf1d8t97jR,spotify:track:2WBGz1dDhZ45Qf1d8t97jR,https://api.spotify.com/v1/tracks/2WBGz1dDhZ45Qf1d8t97jR,https://api.spotify.com/v1/audio-analysis/2WBGz1dDhZ45Qf1d8t97jR,204520,4
91,0.709,0.824,1,-8.824,1,0.0453,0.207,0.000307,0.0888,0.867,118.818,audio_features,2tUBqZG2AbRi7Q0BIrVrEj,spotify:track:2tUBqZG2AbRi7Q0BIrVrEj,https://api.spotify.com/v1/tracks/2tUBqZG2AbRi7Q0BIrVrEj,https://api.spotify.com/v1/audio-analysis/2tUBqZG2AbRi7Q0BIrVrEj,291293,4
92,0.613,0.72,0,-7.957,1,0.0425,0.0132,0.0,0.104,0.561,117.341,audio_features,3TW48DvQ7ChwY1Yy1tkMaP,spotify:track:3TW48DvQ7ChwY1Yy1tkMaP,https://api.spotify.com/v1/tracks/3TW48DvQ7ChwY1Yy1tkMaP,https://api.spotify.com/v1/audio-analysis/3TW48DvQ7ChwY1Yy1tkMaP,265867,4
93,0.723,0.914,7,-5.598,0,0.0663,0.0726,2.12e-05,0.95,0.968,101.181,audio_features,0QQHPRbgLJJ5XNzJV1l9BW,spotify:track:0QQHPRbgLJJ5XNzJV1l9BW,https://api.spotify.com/v1/tracks/0QQHPRbgLJJ5XNzJV1l9BW,https://api.spotify.com/v1/audio-analysis/0QQHPRbgLJJ5XNzJV1l9BW,262573,4
94,0.769,0.505,1,-7.345,1,0.0829,0.311,7.49e-05,0.0777,0.757,171.804,audio_features,6qspW4YKycviDFjHBOaqUY,spotify:track:6qspW4YKycviDFjHBOaqUY,https://api.spotify.com/v1/tracks/6qspW4YKycviDFjHBOaqUY,https://api.spotify.com/v1/audio-analysis/6qspW4YKycviDFjHBOaqUY,279507,4
95,0.542,0.905,9,-5.653,1,0.054,0.00172,0.0104,0.136,0.374,153.398,audio_features,5A1FmxbYVRZKy4nc16MAue,spotify:track:5A1FmxbYVRZKy4nc16MAue,https://api.spotify.com/v1/tracks/5A1FmxbYVRZKy4nc16MAue,https://api.spotify.com/v1/audio-analysis/5A1FmxbYVRZKy4nc16MAue,203347,4
96,0.678,0.643,2,-9.316,1,0.0444,0.24,0.0,0.0708,0.534,113.46,audio_features,5oidljiMjeJTWUGZ4TfFea,spotify:track:5oidljiMjeJTWUGZ4TfFea,https://api.spotify.com/v1/tracks/5oidljiMjeJTWUGZ4TfFea,https://api.spotify.com/v1/audio-analysis/5oidljiMjeJTWUGZ4TfFea,237520,4
97,0.506,0.903,6,-6.684,1,0.0374,0.00764,6.06e-05,0.144,0.5,98.074,audio_features,1Q0p30HuN1ADMX2CmPzIvO,spotify:track:1Q0p30HuN1ADMX2CmPzIvO,https://api.spotify.com/v1/tracks/1Q0p30HuN1ADMX2CmPzIvO,https://api.spotify.com/v1/audio-analysis/1Q0p30HuN1ADMX2CmPzIvO,205733,4
98,0.709,0.839,7,-8.403,1,0.0367,0.159,0.00209,0.301,0.864,113.186,audio_features,3EGI5qmVmGlfgy9BmNb1R8,spotify:track:3EGI5qmVmGlfgy9BmNb1R8,https://api.spotify.com/v1/tracks/3EGI5qmVmGlfgy9BmNb1R8,https://api.spotify.com/v1/audio-analysis/3EGI5qmVmGlfgy9BmNb1R8,246013,4
99,0.582,0.689,7,-12.203,1,0.0277,0.607,0.0571,0.145,0.531,111.166,audio_features,6V50MyHPGhEmwYu0Wdyf0t,spotify:track:6V50MyHPGhEmwYu0Wdyf0t,https://api.spotify.com/v1/tracks/6V50MyHPGhEmwYu0Wdyf0t,https://api.spotify.com/v1/audio-analysis/6V50MyHPGhEmwYu0Wdyf0t,297853,4
0,0.705,0.927,9,-5.942,0,0.0426,0.0703,0.0,0.0661,0.962,138.017,audio_features,7gQAFGUyHPcY0cQNPsjMf0,spotify:track:7gQAFGUyHPcY0cQNPsjMf0,https://api.spotify.com/v1/tracks/7gQAFGUyHPcY0cQNPsjMf0,https://api.spotify.com/v1/audio-analysis/7gQAFGUyHPcY0cQNPsjMf0,231533,4
1,0.529,0.771,0,-6.726,1,0.0462,0.000376,0.00508,0.0601,0.863,138.905,audio_features,2r9wqqaPMXq6goFO396cfq,spotify:track:2r9wqqaPMXq6goFO396cfq,https://api.spotify.com/v1/tracks/2r9wqqaPMXq6goFO396cfq,https://api.spotify.com/v1/audio-analysis/2r9wqqaPMXq6goFO396cfq,139413,4
2,0.719,0.671,8,-6.279,1,0.0336,0.0372,8.21e-06,0.12,0.786,130.027,audio_features,13P5rwmk2EsoFRIz9UCeh9,spotify:track:13P5rwmk2EsoFRIz9UCeh9,https://api.spotify.com/v1/tracks/13P5rwmk2EsoFRIz9UCeh9,https://api.spotify.com/v1/audio-analysis/13P5rwmk2EsoFRIz9UCeh9,237627,4
3,0.727,0.974,4,-2.261,0,0.0664,0.103,0.000532,0.174,0.965,79.526,audio_features,2PpruBYCo4H7WOBJ7Q2EwM,spotify:track:2PpruBYCo4H7WOBJ7Q2EwM,https://api.spotify.com/v1/tracks/2PpruBYCo4H7WOBJ7Q2EwM,https://api.spotify.com/v1/audio-analysis/2PpruBYCo4H7WOBJ7Q2EwM,235213,4
4,0.482,0.849,2,-9.198,1,0.0452,0.641,7.74e-06,0.0414,0.937,124.631,audio_features,5ZBeML7Lf3FMEVviTyvi8l,spotify:track:5ZBeML7Lf3FMEVviTyvi8l,https://api.spotify.com/v1/tracks/5ZBeML7Lf3FMEVviTyvi8l,https://api.spotify.com/v1/audio-analysis/5ZBeML7Lf3FMEVviTyvi8l,155227,4
5,0.854,0.776,8,-9.85,1,0.217,0.436,0.175,0.0549,0.656,111.212,audio_features,0xbkxTqSaW5blsYgRXpB5I,spotify:track:0xbkxTqSaW5blsYgRXpB5I,https://api.spotify.com/v1/tracks/0xbkxTqSaW5blsYgRXpB5I,https://api.spotify.com/v1/audio-analysis/0xbkxTqSaW5blsYgRXpB5I,280933,4
6,0.554,0.772,7,-4.821,0,0.0418,0.00487,6.6e-06,0.354,0.455,179.984,audio_features,6F5c58TMEs1byxUstkzVeM,spotify:track:6F5c58TMEs1byxUstkzVeM,https://api.spotify.com/v1/tracks/6F5c58TMEs1byxUstkzVeM,https://api.spotify.com/v1/audio-analysis/6F5c58TMEs1byxUstkzVeM,223546,4
7,0.63,0.688,2,-9.816,1,0.0266,0.124,4.78e-05,0.158,0.893,124.825,audio_features,08o75xMKmGrKny6GsXrNJW,spotify:track:08o75xMKmGrKny6GsXrNJW,https://api.spotify.com/v1/tracks/08o75xMKmGrKny6GsXrNJW,https://api.spotify.com/v1/audio-analysis/08o75xMKmGrKny6GsXrNJW,218040,4
8,0.723,0.863,2,-7.89,1,0.0338,0.0383,0.0317,0.128,0.931,136.302,audio_features,2PzU4IB8Dr6mxV3lHuaG34,spotify:track:2PzU4IB8Dr6mxV3lHuaG34,https://api.spotify.com/v1/tracks/2PzU4IB8Dr6mxV3lHuaG34,https://api.spotify.com/v1/audio-analysis/2PzU4IB8Dr6mxV3lHuaG34,222813,4
9,0.632,0.856,10,-3.463,1,0.0348,0.0624,0.0,0.347,0.867,119.397,audio_features,3Fzlg5r1IjhLk2qRw667od,spotify:track:3Fzlg5r1IjhLk2qRw667od,https://api.spotify.com/v1/tracks/3Fzlg5r1IjhLk2qRw667od,https://api.spotify.com/v1/audio-analysis/3Fzlg5r1IjhLk2qRw667od,232693,4
